{
  "editor:insert-codeblock": [
    {
      "modifiers": [
        "Mod",
        "Shift"
      ],
      "key": "K"
    }
  ],
  "editor:insert-mathblock": [
    {
      "modifiers": [
        "Mod",
        "Shift"
      ],
      "key": "M"
    }
  ],
  "editor:toggle-blockquote": [
    {
      "modifiers": [
        "Mod",
        "Shift"
      ],
      "key": "Q"
    }
  ],
  "editor:set-heading-1": [
    {
      "modifiers": [
        "Alt"
      ],
      "key": "1"
    }
  ],
  "editor:set-heading-2": [
    {
      "modifiers": [
        "Alt"
      ],
      "key": "2"
    }
  ],
  "editor:set-heading-3": [
    {
      "modifiers": [
        "Alt"
      ],
      "key": "3"
    }
  ],
  "editor:set-heading-4": [
    {
      "modifiers": [
        "Alt"
      ],
      "key": "4"
    }
  ],
  "editor:set-heading-5": [
    {
      "modifiers": [
        "Alt"
      ],
      "key": "5"
    }
  ],
  "editor:set-heading-6": [
    {
      "modifiers": [
        "Alt"
      ],
      "key": "6"
    }
  ],
  "editor:toggle-bullet-list": [
    {
      "modifiers": [
        "Mod",
        "Shift"
      ],
      "key": "["
    }
  ],
  "editor:toggle-numbered-list": [
    {
      "modifiers": [
        "Mod",
        "Shift"
      ],
      "key": "]"
    }
  ],
  "editor:set-heading-0": [
    {
      "modifiers": [
        "Alt"
      ],
      "key": "`"
    }
  ],
  "editor:toggle-inline-math": [
    {
      "modifiers": [
        "Mod"
      ],
      "key": "M"
    }
  ],
  "editor:toggle-code": [
    {
      "modifiers": [
        "Mod",
        "Shift"
      ],
      "key": "D"
    }
  ],
  "obsidian-regex-replace:obsidian-regex-replace": [
    {
      "modifiers": [
        "Mod"
      ],
      "key": "R"
    }
  ],
  "find-and-replace-in-selection:find-and-replace-in-selection": [
    {
      "modifiers": [
        "Mod",
        "Shift"
      ],
      "key": "R"
    }
  ]
}