{
  "main": {
    "id": "c2898ee0bb82c825",
    "type": "split",
    "children": [
      {
        "id": "d0671e9e23223087",
        "type": "tabs",
        "children": [
          {
            "id": "d94138f05028be8c",
            "type": "leaf",
            "state": {
              "type": "markdown",
              "state": {
                "file": "README.md",
                "mode": "source",
                "backlinks": false,
                "source": false
              }
            }
          }
        ]
      }
    ],
    "direction": "vertical"
  },
  "left": {
    "id": "82f8d7c4c27345bd",
    "type": "split",
    "children": [
      {
        "id": "2cede3a248620a31",
        "type": "tabs",
        "children": [
          {
            "id": "ad8008e7fca81c9e",
            "type": "leaf",
            "state": {
              "type": "file-explorer",
              "state": {
                "sortOrder": "alphabetical"
              }
            }
          },
          {
            "id": "53e45fc54febe2e1",
            "type": "leaf",
            "state": {
              "type": "search",
              "state": {
                "query": "进程崩溃",
                "matchingCase": true,
                "explainSearch": false,
                "collapseAll": false,
                "extraContext": false,
                "sortOrder": "alphabetical"
              }
            }
          },
          {
            "id": "28100a70b1f7dc49",
            "type": "leaf",
            "state": {
              "type": "bookmarks",
              "state": {}
            }
          }
        ]
      }
    ],
    "direction": "horizontal",
    "width": 200
  },
  "right": {
    "id": "a118b54bc2b88087",
    "type": "split",
    "children": [
      {
        "id": "2a952e557bfa01f7",
        "type": "tabs",
        "children": [
          {
            "id": "36f0d2a8adb383ed",
            "type": "leaf",
            "state": {
              "type": "backlink",
              "state": {
                "file": "README.md",
                "collapseAll": false,
                "extraContext": false,
                "sortOrder": "alphabetical",
                "showSearch": false,
                "searchQuery": "",
                "backlinkCollapsed": false,
                "unlinkedCollapsed": false
              }
            }
          },
          {
            "id": "18ddd8dfe28655e1",
            "type": "leaf",
            "state": {
              "type": "outgoing-link",
              "state": {
                "file": "README.md",
                "linksCollapsed": true,
                "unlinkedCollapsed": false
              }
            }
          },
          {
            "id": "55c59f8842cc5554",
            "type": "leaf",
            "state": {
              "type": "tag",
              "state": {
                "sortOrder": "frequency",
                "useHierarchy": true
              }
            }
          },
          {
            "id": "d4adac08ef83223d",
            "type": "leaf",
            "state": {
              "type": "outline",
              "state": {
                "file": "README.md"
              }
            }
          }
        ],
        "currentTab": 3
      }
    ],
    "direction": "horizontal",
    "width": 200
  },
  "left-ribbon": {
    "hiddenItems": {
      "switcher:打开快速切换": false,
      "graph:查看关系图谱": false,
      "canvas:新建白板": false,
      "daily-notes:打开/创建今天的日记": false,
      "templates:插入模板": false,
      "command-palette:打开命令面板": false
    }
  },
  "active": "d94138f05028be8c",
  "lastOpenFiles": [
    "Architecture/Hash.md",
    "Architecture/Hardware.md",
    "README.md",
    "Memory/MemRequest.md",
    "Memory/MemMalloc.md",
    "Memory/Conclusion.md",
    "Memory/Memory.md",
    "Process/TaskSwitch.md",
    "Process/Process.md",
    "Process/Ipc.md",
    "Process/Dispatch.md",
    "RealProtect/Addressing.md",
    "RealProtect/IA-32.md",
    "RealProtect/PrivilegeLevel.md",
    "RealProtect/ProtectMode-.md",
    "RealProtect/RealMode-.md",
    "RealProtect/Register.md",
    "Thread/Lock.md",
    "Thread/Multithread.md",
    "Thread/Thread.md",
    "Thread/Conclusion.md",
    "Architecture/Keyboard.md",
    "Architecture/LRU.md",
    "Architecture/CPU.md",
    "Architecture/Concept.md",
    "Architecture/CompileLink.md",
    "MySQL14w5/Problem",
    "MySQL14w5/Log3w",
    "MySQL14w5/Engine2w6",
    "Server",
    "CoroutineProject",
    "暂定",
    "OOP/Inheritance",
    "OOP/Template",
    "OOP/Class",
    "Grammar/Keywords",
    "DP/DP/resource/image/image_WFUQSbWBkZcvoBMKrrG4i.png",
    "DP/DP/resource/image/image_szQfe1CLN6yAfiZAKRgKgn.png",
    "DP/DP/resource/image/image_rkrdPt42eLcWM9McjqjBUA.png",
    "DP/DP/resource/image/image_72XdZmps99H6Aebtwmn4Jf.png",
    "DP/DP/resource/image/image_3n4K5XxMoXVy4gQtACAeX3.png",
    "DP/DP/Interval DP/IMG_20220404_140108_dDLufdR3JQUgpCYCKLdo4v.jpg",
    "DP/Backtracking/Combinations/Subsets/resource/image/IMG_20220403_202508_72mTGnVRumfC6bJpJoy1Km.jpg",
    "DP/Backtracking/Combinations/Subsets/resource/image/image_xheRnvT91tiWov7pxshdPp.png",
    "DP/Backtracking/Combinations/Subsets/resource/image/image_w9PUnsJwScmLPWGTWJQWyt.png",
    "DP/Backtracking/Combinations/Subsets/resource/image/image_vki7Bq73zGFv8wts8fD3Xd.png",
    "EffectiveModernCpp/未命名.canvas"
  ]
}